#{"t_start": 1789091582.0641568, "env_id": "None"}
r,l,t
-11.015024,35,3.691595
-11.01048,64,3.823702
-11.014936,92,4.01557
-11.01825,220,5.028817
-11.004453,415,6.309037
-11.027858,242,6.961582
-11.008897,57,7.095667
-11.000285,122,7.516692
-11.027485,95,7.854959
-11.022652,108,8.168593
-5.042452,342,9.069047
-11.008635,112,9.348713
-11.013931,141,9.762532
-11.005767,112,11.672081
-11.000312,139,12.008742
-11.007512,850,14.299678
-11.000209,255,14.950195
-11.030967,113,15.234279
-11.01388,129,15.551106
-4.077566,1972,21.967574
-11.013461,33,22.036575
-11.021085,102,22.291373
-11.028407,724,25.564332
-11.02655,40,25.680766
-11.005758,593,29.487711
-11.020895,252,30.090083
-11.018252,819,32.088041
-8.275267,534,35.430401
-9.014074,372,36.664197
-11.02513,455,37.942741
-11.008711,276,38.69502
-11.025252,69,38.902047
-11.021291,197,40.101426
-7.682167,643,43.208431
-11.007453,213,43.788767
-11.019504,37,43.876622
8.315777,2000,50.111295
-11.008633,462,51.646161
-11.004083,309,52.425678
-8.183129,398,56.509583
-11.276708,381,59.123533
-11.011928,69,59.253194
-9.116029,892,60.988016
